avg,depth,std
0.9309192435244302,1,0.03257094138700258
0.8325867713306814,2,0.0789803677055491
0.716110920145831,3,0.0833966975141291
