bin_start,strobes
0.0,4.25
25.0,2.9
50.0,3.1818181818181817
75.0,3.5454545454545454
100.0,3.125
125.0,6.066666666666666
150.0,2.875
175.0,2.6153846153846154
