bin_start,strobes
0.0,1.0
25.0,1.0
50.0,1.2307692307692308
75.0,1.0
100.0,1.0
125.0,1.0833333333333333
150.0,1.0
175.0,1.1
