bin_start,strobes
0.0,4.125
25.0,4.4
50.0,4.3
75.0,8.0
100.0,3.6363636363636362
125.0,4.75
150.0,4.6923076923076925
175.0,4.666666666666667
