bin_start,strobes
50.0,4.111111111111111
75.0,4.111111111111111
100.0,3.4166666666666665
125.0,3.5
150.0,4.363636363636363
175.0,4.583333333333333
