bin_start,strobes
25.0,1.5454545454545454
50.0,1.0833333333333333
75.0,1.0769230769230769
100.0,1.0
125.0,1.1111111111111112
150.0,1.0833333333333333
175.0,1.0
