bin_start,strobes
0.0,3.75
25.0,6.909090909090909
50.0,4.666666666666667
75.0,4.636363636363637
100.0,4.636363636363637
125.0,4.7
150.0,4.083333333333333
175.0,4.222222222222222
