bin_start,strobes
0.0,4.75
25.0,6.625
50.0,5.083333333333333
75.0,4.083333333333333
100.0,4.0
125.0,4.416666666666667
150.0,4.5
175.0,4.363636363636363
