bin_start,strobes
25.0,4.3
50.0,3.9166666666666665
75.0,4.666666666666667
100.0,4.769230769230769
125.0,3.9
150.0,4.714285714285714
175.0,4.857142857142857
