bin_start,strobes
50.0,1.0909090909090908
75.0,1.1111111111111112
100.0,1.0
125.0,1.4615384615384615
150.0,1.0833333333333333
175.0,1.0
