depth,avg,std
1,1.0917721518987342,0.5405652444694157
2,4.0049751243781095,2.7622740033104236
3,4.609589041095891,3.3215223603066173
