bin_start,strobes
25.0,3.5
50.0,4.111111111111111
75.0,3.5714285714285716
100.0,4.333333333333333
125.0,4.25
150.0,3.6666666666666665
175.0,3.6363636363636362
