bin_start,strobes
25.0,4.5
50.0,4.2727272727272725
75.0,4.75
100.0,6.0
125.0,4.5
150.0,3.933333333333333
175.0,4.7272727272727275
