bin_start,strobes
50.0,4.5
75.0,4.2727272727272725
100.0,4.25
125.0,4.181818181818182
150.0,3.909090909090909
175.0,3.9
