bin_start,strobes
0.0,5.0
25.0,7.545454545454546
50.0,3.75
75.0,8.222222222222221
100.0,4.2
125.0,4.2727272727272725
150.0,3.909090909090909
175.0,3.909090909090909
