bin_start,strobes
50.0,3.6666666666666665
75.0,3.5
100.0,3.125
125.0,3.9166666666666665
150.0,3.7777777777777777
175.0,4.0
