bin_start,strobes
50.0,4.363636363636363
75.0,5.8
100.0,3.111111111111111
125.0,4.666666666666667
150.0,6.0
175.0,4.0
