bin_start,strobes
25.0,4.25
50.0,4.0
75.0,3.8181818181818183
100.0,3.923076923076923
125.0,3.75
150.0,4.222222222222222
175.0,3.6153846153846154
