bin_start,strobes
25.0,3.5714285714285716
50.0,4.363636363636363
75.0,3.8
100.0,4.083333333333333
125.0,4.2727272727272725
150.0,4.615384615384615
175.0,4.090909090909091
