bin_start,strobes
25.0,1.0
50.0,1.0
75.0,1.1666666666666667
100.0,1.0
125.0,1.0
150.0,1.2307692307692308
175.0,1.0
