bin_start,strobes
0.0,4.5
25.0,4.416666666666667
50.0,4.3076923076923075
75.0,3.727272727272727
100.0,2.888888888888889
125.0,3.75
150.0,4.0
175.0,4.25
