estimator,kind,target,mean,std
noinfo,rx,230,19.09696968598855,0.0
noinfo,tx,230,10.378871903029946,0.0
route,rx,230,19.09696968598855,0.0
route,tx,230,10.378871903029946,0.0
