bin_start,strobes
50.0,1.0
75.0,1.0769230769230769
100.0,1.0833333333333333
125.0,1.0
150.0,1.0
175.0,1.0
