bin_start,strobes
25.0,5.0
50.0,4.076923076923077
75.0,3.375
100.0,3.6923076923076925
125.0,3.5
150.0,4.153846153846154
175.0,3.5833333333333335
