bin_start,strobes
25.0,3.5
50.0,4.75
75.0,3.3636363636363638
100.0,4.1
125.0,3.8181818181818183
150.0,4.2
175.0,3.4
