bin_start,strobes
0.0,5.0
25.0,4.666666666666667
50.0,4.75
75.0,4.083333333333333
100.0,12.0
125.0,4.333333333333333
150.0,7.285714285714286
175.0,6.9
