bin_start,strobes
25.0,10.8
50.0,4.333333333333333
75.0,4.230769230769231
100.0,4.090909090909091
125.0,4.416666666666667
150.0,4.083333333333333
175.0,4.538461538461538
