bin_start,strobes
25.0,4.0
50.0,4.461538461538462
75.0,4.444444444444445
100.0,4.230769230769231
125.0,13.25
150.0,3.6153846153846154
175.0,4.0
