bin_start,strobes
25.0,4.7272727272727275
50.0,4.6
75.0,5.333333333333333
100.0,4.75
125.0,5.2727272727272725
150.0,5.111111111111111
175.0,4.777777777777778
