bin_start,strobes
0.0,9.875
25.0,3.0
50.0,3.3076923076923075
75.0,1.8181818181818181
100.0,2.75
125.0,3.4166666666666665
150.0,3.923076923076923
175.0,3.5454545454545454
