bin_start,strobes
25.0,1.0
50.0,1.2307692307692308
75.0,1.0
100.0,1.0
125.0,1.5
150.0,1.0769230769230769
175.0,1.4166666666666667
