bin_start,strobes
0.0,36.0
25.0,4.454545454545454
50.0,4.363636363636363
75.0,9.428571428571429
100.0,4.083333333333333
125.0,9.666666666666666
150.0,5.230769230769231
175.0,6.625
