depth,avg,std
1,1.1296296296296295,0.6995491395379282
2,4.481178396072013,4.277703307098251
3,5.662313432835821,5.938722966170767
