bin_start,strobes
25.0,4.666666666666667
50.0,5.9
75.0,4.75
100.0,4.7
125.0,5.3
150.0,6.666666666666667
175.0,5.9
