bin_start,strobes
25.0,4.0
50.0,7.7
75.0,4.3
100.0,8.142857142857142
125.0,17.5
150.0,7.666666666666667
175.0,3.75
