bin_start,strobes
50.0,5.0
75.0,4.538461538461538
100.0,4.0
125.0,4.384615384615385
150.0,5.444444444444445
175.0,4.083333333333333
