bin_start,strobes
0.0,3.3333333333333335
25.0,10.666666666666666
50.0,6.0
75.0,4.5
100.0,4.0
125.0,10.666666666666666
150.0,4.181818181818182
175.0,4.833333333333333
