bin_start,strobes
50.0,4.0
75.0,3.923076923076923
100.0,3.2857142857142856
125.0,6.4
150.0,3.0
175.0,4.076923076923077
