bin_start,strobes
50.0,4.714285714285714
75.0,5.5
100.0,3.6666666666666665
125.0,7.1
150.0,4.666666666666667
175.0,7.230769230769231
