bin_start,strobes
0.0,8.375
25.0,4.7272727272727275
50.0,4.181818181818182
75.0,5.666666666666667
100.0,6.8
125.0,7.222222222222222
150.0,3.6
175.0,4.636363636363637
