bin_start,strobes
25.0,1.2727272727272727
50.0,1.0
75.0,1.0
100.0,1.3333333333333333
125.0,1.0833333333333333
150.0,1.1538461538461537
175.0,1.0
