bin_start,strobes
25.0,4.75
50.0,4.6923076923076925
75.0,4.714285714285714
100.0,6.466666666666667
125.0,4.0
150.0,5.3
175.0,4.333333333333333
