{
    "first_message": {
        "10": 18.705456, 
        "11": 38.769345, 
        "12": 57.63372, 
        "13": 12.951669, 
        "14": 33.437196, 
        "15": 53.744032, 
        "16": 11.165106, 
        "17": 36.012645, 
        "18": 50.699274, 
        "19": 16.154076, 
        "2": 53.428929, 
        "20": 21.949826, 
        "21": 42.326789, 
        "3": 8.195006, 
        "4": 29.133897, 
        "5": 48.49497, 
        "6": 10.925756, 
        "7": 22.440825, 
        "8": 43.009869, 
        "9": 63.489066
    }, 
    "ratio": {
        "10": 0.7142857142857143, 
        "11": 0.8780487804878049, 
        "12": 0.8333333333333334, 
        "13": 0.851063829787234, 
        "14": 0.7976190476190477, 
        "15": 0.7972972972972973, 
        "16": 0.6105263157894737, 
        "17": 0.6666666666666666, 
        "18": 0.5714285714285714, 
        "19": 0.7311827956989247, 
        "2": 0.9459459459459459, 
        "20": 0.7666666666666667, 
        "21": 0.7875, 
        "3": 0.90625, 
        "4": 0.9767441860465116, 
        "5": 0.8947368421052632, 
        "6": 0.9157894736842105, 
        "7": 0.9550561797752809, 
        "8": 0.759493670886076, 
        "9": 0.7536231884057971, 
        "global": 0.8057040998217468
    }, 
    "received": {
        "10": 65.0, 
        "11": 72.0, 
        "12": 60.0, 
        "13": 80.0, 
        "14": 67.0, 
        "15": 59.0, 
        "16": 58.0, 
        "17": 58.0, 
        "18": 44.0, 
        "19": 68.0, 
        "2": 70.0, 
        "20": 69.0, 
        "21": 63.0, 
        "3": 87.0, 
        "4": 84.0, 
        "5": 68.0, 
        "6": 87.0, 
        "7": 85.0, 
        "8": 60.0, 
        "9": 52.0, 
        "global": 1356.0
    }, 
    "sent": {
        "10": 91.0, 
        "11": 82.0, 
        "12": 72.0, 
        "13": 94.0, 
        "14": 84.0, 
        "15": 74.0, 
        "16": 95.0, 
        "17": 87.0, 
        "18": 77.0, 
        "19": 93.0, 
        "2": 74.0, 
        "20": 90.0, 
        "21": 80.0, 
        "3": 96.0, 
        "4": 86.0, 
        "5": 76.0, 
        "6": 95.0, 
        "7": 89.0, 
        "8": 79.0, 
        "9": 69.0, 
        "global": 1683.0
    }
}