avg,depth,std
0.8903575105858612,1,0.03722607610348406
0.7752838762181464,2,0.08978934331782028
0.7076541527793101,3,0.02137445996659328
