coef_rx,coef_tx,diff_rx_noinfo,diff_rx_route,diff_tx_noinfo,diff_tx_route,epsilon_rx_noinfo,epsilon_rx_route,epsilon_tx_noinfo,epsilon_tx_route,error_rx_noinfo,error_rx_route,error_tx_noinfo,error_tx_route,estimation_rx_noinfo,estimation_rx_route,estimation_tx_noinfo,estimation_tx_route,real_rx,real_tx,time,bin_start,delta_T
0.0,0.0,,,,,0.0,0.0,0.0,0.0,,,,,0.0,0.0,0.0,0.0,0.0,0.0,0.0,0.0,
0.0004959402820136217,0.01490785365564287,0.04801617445166,0.029624174451659997,1.4651543615288316,1.4171415615288314,0.012004043612915,0.007406043612914999,0.3662885903822079,0.35428539038220785,0.961242928436008,0.5930507485780838,0.9757605328859112,0.943785065629028,0.0019359999999999996,0.020328000000000006,0.0363968,0.08440960000000003,0.04995217445166,1.5015511615288315,100.722156,100.0,100.722156
