avg,depth,std
1.0,1,0.0
0.8105263157894737,2,0.0
0.7790697674418605,3,0.0
0.868421052631579,4,0.0
0.8111111111111111,5,0.0
0.7078651685393258,6,0.0
