coef_rx,coef_tx,diff_rx_noinfo,diff_rx_route,diff_tx_noinfo,diff_tx_route,error_rx_noinfo,error_rx_route,error_tx_noinfo,error_tx_route,estimation_rx_noinfo,estimation_rx_route,estimation_tx_noinfo,estimation_tx_route,real_rx,real_tx,time,bin_start
0.0,0.0,,,,,,,,,0.0,0.0,0.0,0.0,0.0,0.0,0.0,0.0
0.0004493456890066991,0.012634556733428993,0.032083999999999994,-0.03259599999999991,0.9193466,0.7637449999999998,0.9455381350937168,-0.960627136626191,0.9635857870701791,0.8004965993738528,0.0018479999999999996,0.0665279999999999,0.0347424,0.1903440000000002,0.033932,0.954089,75.514244,75.0
0.000623422196915153,0.014854239646566781,0.017278257116630877,-0.13056174288336914,0.3243626956486274,-0.031298104351370704,0.36916986339830515,-2.789602010199541,0.2908633786076295,-0.02806571932524373,0.06345674288336912,0.21129674288336914,1.7448983043513726,2.1005591043513707,0.080735,2.069261,150.588568,150.0
