coef_rx,coef_tx,diff_rx_noinfo,diff_rx_route,diff_tx_noinfo,diff_tx_route,error_rx_noinfo,error_rx_route,error_tx_noinfo,error_tx_route,estimation_rx_noinfo,estimation_rx_route,estimation_tx_noinfo,estimation_tx_route,real_rx,real_tx,time,bin_start
0.0,0.0,,,,,,,,,0.0,0.0,0.0,0.0,0.0,0.0,0.0,0.0
0.004741561594558766,0.024199866249817105,0.357606,0.35478999999999994,1.7865722000000002,1.7724922,0.9921869364245246,0.9843738728490491,0.9712202088270102,0.9635660090469597,0.0028159999999999995,0.005632000000000007,0.0529408,0.06702080000000003,0.36042199999999996,1.8395130000000002,76.013354,75.0
0.007614782614190082,0.030072176711329873,0.2993597082360161,0.2942557082360161,0.7984148934248148,0.772894893424815,0.5240560963174871,0.5151210852187468,0.3539204888057954,0.3426080108589216,0.6322982917639839,0.6374022917639839,3.2970141065751855,3.322534106575185,0.931658,4.095429,151.030072,150.0
