coef_rx,coef_tx,diff_rx_noinfo,diff_rx_route,diff_tx_noinfo,diff_tx_route,error_rx_noinfo,error_rx_route,error_tx_noinfo,error_tx_route,estimation_rx_noinfo,estimation_rx_route,estimation_tx_noinfo,estimation_tx_route,real_rx,real_tx,time,bin_start
0.0,0.0,,,,,,,,,0.0,0.0,0.0,0.0,0.0,0.0,0.0,0.0
0.002812990634977689,0.01610249437224001,0.21009358543405726,0.15878958543405733,1.177331096476758,1.0526526964767577,0.9908691987675367,0.748902966107256,0.9700123890159784,0.8672888705387973,0.0019359999999999996,0.05323999999999992,0.0363968,0.1610752000000001,0.21202958543405726,1.213727896476758,75.375148,75.0
0.004450503811177105,0.014756633257919689,0.17090759406405132,0.04731159406405128,0.11331562187094413,-0.187045978129055,0.5119823309725854,0.14172980635292148,0.10237768209511461,-0.1689911185226998,0.3749374059359487,0.49853340593594875,2.207251378129056,2.507612978129055,0.545845,2.320567,150.381356,150.0
