coef_rx,coef_tx,diff_rx_noinfo,diff_rx_route,diff_tx_noinfo,diff_tx_route,error_rx_noinfo,error_rx_route,error_tx_noinfo,error_tx_route,estimation_rx_noinfo,estimation_rx_route,estimation_tx_noinfo,estimation_tx_route,real_rx,real_tx,time,bin_start
0.0,0.0,,,,,,,,,0.0,0.0,0.0,0.0,0.0,0.0,0.0,0.0
0.005656826493943002,0.011140530408600887,0.425667297287606,0.425667297287606,0.8353737678969343,0.8353737678969343,0.9977310831847382,0.9977310831847382,0.9942395611867745,0.9942395611867745,0.0009679999999999998,0.0009679999999999998,0.0048400000000000006,0.0048400000000000006,0.426635297287606,0.8402137678969342,75.419548,75.0
0.007965777229270105,0.007556502578775767,0.27482356926237783,0.27482356926237783,-0.0814554201143769,-0.0814554201143769,0.4601739502833808,0.4601739502833808,-0.14377896878347116,-0.14377896878347116,0.7490284307376222,0.7490284307376222,1.4882014201143767,1.4882014201143767,1.023852,1.4067459999999998,150.392358,150.0
