coef_rx,coef_tx,diff_rx_noinfo,diff_rx_route,diff_tx_noinfo,diff_tx_route,error_rx_noinfo,error_rx_route,error_tx_noinfo,error_tx_route,estimation_rx_noinfo,estimation_rx_route,estimation_tx_noinfo,estimation_tx_route,real_rx,real_tx,time,bin_start
0.0,0.0,,,,,,,,,0.0,0.0,0.0,0.0,0.0,0.0,0.0,0.0
0.0038512706605134716,0.02078547310873511,0.28869,0.270298,1.5321242,1.4841113999999997,0.9933385175448859,0.9300544342213015,0.9767954652822628,0.9461852279950348,0.0019359999999999996,0.020328000000000006,0.0363968,0.08440960000000003,0.290626,1.5685209999999998,75.462367,75.0
0.005786233173841,0.036604686847137906,0.21298635440574631,0.17118635440574637,1.493831870307047,1.3847118703070471,0.4906694367208887,0.39437227011527176,0.5439991020845255,0.5042615765976298,0.5117126455942537,0.5535126455942536,2.820708129692953,2.929828129692953,0.724699,4.31454,150.480602,150.0
