coef_rx,coef_tx,diff_rx_noinfo,diff_rx_route,diff_tx_noinfo,diff_tx_route,error_rx_noinfo,error_rx_route,error_tx_noinfo,error_tx_route,estimation_rx_noinfo,estimation_rx_route,estimation_tx_noinfo,estimation_tx_route,real_rx,real_tx,time,bin_start
0.0,0.0,,,,,,,,,0.0,0.0,0.0,0.0,0.0,0.0,0.0,0.0
0.0036547129090955697,0.015980341585200036,0.2759896089286634,0.2553976089286634,1.1902678,1.1392454,0.995872027198641,0.921568516774178,0.9822514905819975,0.9401459841967362,0.0011439999999999998,0.021736000000000002,0.0215072,0.07252960000000001,0.2771336089286634,1.211775,75.829105,75.0
0.005085065828100627,0.028374105303898053,0.17175432190673434,0.09889032190673441,1.153061185291758,0.9725203852917579,0.45034968789836316,0.25929609870923614,0.5418373620063839,0.45699906196268764,0.48675919361908115,0.5596231936190811,2.186771542255965,2.367312342255965,0.6585135155258155,3.339832727547723,150.829099,150.0
